<?xml version="1.0" encoding="UTF-8"?>
<cms><name>NukeViet 3.4</name><version>3.4.02.r1929</version><date>THU, 25 Oct 2012 15:00:00 GMT</date><message>NukeViet 3.4.02 là một phiên bản nhỏ, không chứa nhiều thay đổi mang tính cách mạng nhưng NukeViet 3.4.02 đánh dấu một dấu mốc quan trọng như việc kết thúc sử dụng công cụ quản lý code svn để chuyển sang git, tách rời và nâng cấp module Shops, tối ưu, nâng cao hiệu suất hoạt động của hệ thống.</message><link>http://forum.nukeviet.vn/viewtopic.php?f=3&amp;t=24965</link></cms>
