<?xml version="1.0" encoding="utf-8"?>
<plan>
  <id>1</id>
  <lang></lang>
  <title>Quang cao giua trang</title>
  <form>sequential</form>
  <width>510</width>
  <height>100</height>
  <banners>
    <banners_item>
      <id>3</id>
      <title>Quang cao giua trang</title>
      <clid>0</clid>
      <file_name>webnhanh_vn.gif</file_name>
      <file_ext>gif</file_ext>
      <file_mime>image/gif</file_mime>
      <file_width>510</file_width>
      <file_height>65</file_height>
      <file_alt></file_alt>
      <file_click>http://webnhanh.vn</file_click>
    </banners_item>
  </banners>
</plan>
